sampleid,isoursodeoxycholic acid,murideoxycholic acid
AML_001_12,0.009434894,0.000946938
AML_003_07,0.000657112,0.000191072